,id,display_name,fx_stablecoin,max_slippage_percentage,status
0,BTC-USDC,BTC/USDC,False,0.03000000,delisted
1,FLOW-USD,FLOW/USD,False,0.03000000,online
2,ZEC-USDC,ZEC/USDC,False,0.03000000,delisted
3,XYO-USD,XYO/USD,False,0.03000000,online
4,WCFG-USDT,WCFG/USDT,False,0.03000000,online
5,YFI-USD,YFI/USD,False,0.03000000,online
6,GRT-USD,GRT/USD,False,0.03000000,online
7,NMR-GBP,NMR/GBP,False,0.03000000,online
8,ANT-USD,ANT/USD,False,0.03000000,online
9,TRAC-EUR,TRAC/EUR,False,0.03000000,online
10,ENS-USDT,ENS/USDT,False,0.03000000,online
11,FET-USDT,FET/USDT,False,0.03000000,online
12,PAX-USD,PAX/USD,True,0.01000000,online
13,RLY-EUR,RLY/EUR,False,0.05000000,delisted
14,LTC-USD,LTC/USD,False,0.03000000,online
15,BTC-USDT,BTC/USDT,False,0.03000000,online
16,BADGER-USD,BADGER/USD,False,0.03000000,online
17,LCX-EUR,LCX/EUR,False,0.03000000,online
18,BAL-BTC,BAL/BTC,False,0.03000000,online
19,ZEN-USDT,ZEN/USDT,False,0.03000000,online
20,AAVE-GBP,AAVE/GBP,False,0.03000000,online
21,ZEN-BTC,ZEN/BTC,False,0.03000000,online
22,ZRX-BTC,ZRX/BTC,False,0.03000000,online
23,DOT-EUR,DOT/EUR,False,0.03000000,online
24,GMT-USD,GMT/USD,False,0.03000000,online
25,ZRX-USD,ZRX/USD,False,0.03000000,online
26,MINA-USDT,MINA/USDT,False,0.03000000,online
27,NKN-EUR,NKN/EUR,False,0.03000000,online
28,RLY-USDT,RLY/USDT,False,0.05000000,delisted
29,ETC-BTC,ETC/BTC,False,0.03000000,online
30,EOS-USD,EOS/USD,False,0.03000000,online
31,UPI-USDT,UPI/USDT,False,0.03000000,delisted
32,TRB-USD,TRB/USD,False,0.03000000,online
33,BCH-GBP,BCH/GBP,False,0.03000000,online
34,MATIC-BTC,MATIC/BTC,False,0.03000000,online
35,OCEAN-USD,OCEAN/USD,False,0.03000000,online
36,RLC-USD,RLC/USD,False,0.03000000,online
37,MSOL-USD,MSOL/USD,False,0.03000000,online
38,MONA-USD,MONA/USD,False,0.05000000,online
39,QNT-USDT,QNT/USDT,False,0.03000000,online
40,PRO-USD,PRO/USD,False,0.05000000,online
41,RAD-USDT,RAD/USDT,False,0.03000000,online
42,AURORA-USD,AURORA/USD,False,0.03000000,online
43,1INCH-USD,1INCH/USD,False,0.03000000,online
44,ETC-USD,ETC/USD,False,0.03000000,online
45,HOPR-USDT,HOPR/USDT,False,0.03000000,online
46,KNC-BTC,KNC/BTC,False,0.03000000,online
47,LSETH-USD,LSETH/USD,False,0.03000000,online
48,ASM-USD,ASM/USD,False,0.03000000,online
49,IDEX-USD,IDEX/USD,False,0.03000000,online
50,NEST-USDT,NEST/USDT,False,0.03000000,online
51,BNT-GBP,BNT/GBP,False,0.03000000,delisted
52,ACS-USD,ACS/USD,False,0.03000000,online
53,SUSHI-USD,SUSHI/USD,False,0.03000000,online
54,CTX-USDT,CTX/USDT,False,0.05000000,online
55,EUROC-EUR,EUROC/EUR,True,0.01000000,online
56,ARPA-EUR,ARPA/EUR,False,0.03000000,online
57,ADA-GBP,ADA/GBP,False,0.03000000,online
58,ENS-USD,ENS/USD,False,0.03000000,online
59,NMR-BTC,NMR/BTC,False,0.03000000,online
60,ERN-USDT,ERN/USDT,False,0.03000000,online
61,AUCTION-EUR,AUCTION/EUR,False,0.03000000,online
62,FX-USD,FX/USD,False,0.03000000,online
63,AAVE-USD,AAVE/USD,False,0.03000000,online
64,SHPING-EUR,SHPING/EUR,False,0.03000000,online
65,NEST-USD,NEST/USD,False,0.03000000,online
66,AIOZ-USD,AIOZ/USD,False,0.03000000,online
67,BICO-USD,BICO/USD,False,0.03000000,online
68,GRT-GBP,GRT/GBP,False,0.03000000,online
69,GRT-EUR,GRT/EUR,False,0.03000000,online
70,REQ-USD,REQ/USD,False,0.03000000,online
71,LOKA-USD,LOKA/USD,False,0.03000000,online
72,NCT-EUR,NCT/EUR,False,0.03000000,online
73,KNC-USD,KNC/USD,False,0.03000000,online
74,CHZ-USD,CHZ/USD,False,0.03000000,online
75,ALCX-USDT,ALCX/USDT,False,0.03000000,online
76,PLU-USD,PLU/USD,False,0.03000000,online
77,CBETH-USD,cbETH/USD,False,0.03000000,online
78,VGX-EUR,VGX/EUR,False,0.03000000,online
79,ERN-EUR,ERN/EUR,False,0.03000000,delisted
80,DOT-GBP,DOT/GBP,False,0.03000000,online
81,AAVE-EUR,AAVE/EUR,False,0.03000000,online
82,BLUR-USD,BLUR/USD,False,0.03000000,online
83,JASMY-USDT,JASMY/USDT,False,0.03000000,online
84,SPA-USD,SPA/USD,False,0.03000000,online
85,GFI-USD,GFI/USD,False,0.03000000,online
86,ARPA-USDT,ARPA/USDT,False,0.03000000,online
87,LOOM-USD,LOOM/USD,False,0.03000000,delisted
88,NU-USD,NU/USD,False,0.03000000,delisted
89,NMR-EUR,NMR/EUR,False,0.03000000,online
90,XTZ-USD,XTZ/USD,False,0.03000000,online
91,MIR-USD,MIR/USD,False,0.03000000,delisted
92,OP-USD,OP/USD,False,0.03000000,online
93,BIT-USDT,BIT/USDT,False,0.03000000,online
94,PERP-EUR,PERP/EUR,False,0.03000000,online
95,BUSD-USD,BUSD/USD,True,0.01000000,delisted
96,ICP-GBP,ICP/GBP,False,0.03000000,online
97,ETH-USD,ETH/USD,False,0.02000000,online
98,TRAC-USD,TRAC/USD,False,0.03000000,online
99,FIDA-USD,FIDA/USD,False,0.03000000,online
100,YFII-USD,YFII/USD,False,0.03000000,delisted
101,NCT-USD,NCT/USD,False,0.03000000,online
102,WBTC-USD,WBTC/USD,False,0.03000000,online
103,XTZ-GBP,XTZ/GBP,False,0.03000000,online
104,HIGH-USD,HIGH/USD,False,0.03000000,online
105,WAXL-USD,WAXL/USD,False,0.03000000,online
106,GNO-USD,GNO/USD,False,0.03000000,online
107,SOL-ETH,SOL/ETH,False,0.03000000,online
108,REQ-GBP,REQ/GBP,False,0.03000000,online
109,CBETH-ETH,cbETH/ETH,True,0.01000000,online
110,SNX-BTC,SNX/BTC,False,0.03000000,online
111,1INCH-EUR,1INCH/EUR,False,0.03000000,online
112,POLY-USD,POLY/USD,False,0.03000000,online
113,JASMY-USD,JASMY/USD,False,0.03000000,online
114,RNDR-USD,RNDR/USD,False,0.03000000,online
115,BCH-EUR,BCH/EUR,False,0.03000000,online
116,1INCH-BTC,1INCH/BTC,False,0.03000000,online
117,CRV-USD,CRV/USD,False,0.03000000,online
118,SHPING-USD,SHPING/USD,False,0.03000000,online
119,ENJ-BTC,ENJ/BTC,False,0.03000000,online
120,LTC-EUR,LTC/EUR,False,0.03000000,online
121,MLN-USD,MLN/USD,False,0.03000000,online
122,DEXT-USD,DEXT/USD,False,0.05000000,online
123,AXS-EUR,AXS/EUR,False,0.03000000,online
124,TRU-EUR,TRU/EUR,False,0.03000000,online
125,QSP-USD,QSP/USD,False,0.05000000,online
126,DDX-EUR,DDX/EUR,False,0.03000000,delisted
127,ALGO-GBP,ALGO/GBP,False,0.03000000,online
128,CELR-USD,CELR/USD,False,0.03000000,online
129,RBN-USD,RBN/USD,False,0.03000000,online
130,HNT-USD,HNT/USD,False,0.03000000,online
131,IOTX-USD,IOTX/USD,False,0.03000000,online
132,OMG-EUR,OMG/EUR,False,0.03000000,delisted
133,GYEN-USD,GYEN/USD,True,0.01000000,online
134,MEDIA-USDT,MEDIA/USDT,False,0.03000000,delisted
135,RARE-USD,RARE/USD,False,0.03000000,online
136,SHIB-USD,SHIB/USD,False,0.03000000,online
137,LTC-BTC,LTC/BTC,False,0.03000000,online
138,CGLD-EUR,CGLD/EUR,False,0.03000000,online
139,BOBA-USD,BOBA/USD,False,0.03000000,online
140,MANA-BTC,MANA/BTC,False,0.03000000,online
141,LIT-USD,LIT/USD,False,0.03000000,online
142,BOBA-USDT,BOBA/USDT,False,0.03000000,online
143,MTL-USD,MTL/USD,False,0.03000000,online
144,CTX-USD,CTX/USD,False,0.05000000,online
145,SUI-USD,SUI/USD,False,0.03000000,online
146,SYN-USD,SYN/USD,False,0.05000000,online
147,MANA-EUR,MANA/EUR,False,0.03000000,online
148,JUP-USD,JUP/USD,False,0.05000000,online
149,SUKU-USD,SUKU/USD,False,0.03000000,online
150,UMA-USD,UMA/USD,False,0.03000000,online
151,MEDIA-USD,MEDIA/USD,False,0.03000000,online
152,GHST-USD,GHST/USD,False,0.03000000,online
153,BAND-EUR,BAND/EUR,False,0.03000000,online
154,C98-USD,C98/USD,False,0.03000000,online
155,CRV-GBP,CRV/GBP,False,0.03000000,online
156,USDT-USDC,USDT/USDC,True,0.01000000,online
157,KRL-EUR,KRL/EUR,False,0.05000000,online
158,ALICE-USD,ALICE/USD,False,0.03000000,online
159,KAVA-USD,KAVA/USD,False,0.03000000,online
160,DDX-USD,DDX/USD,False,0.03000000,online
161,ZEC-USD,ZEC/USD,False,0.03000000,online
162,SYLO-USDT,SYLO/USDT,False,0.03000000,online
163,SUKU-USDT,SUKU/USDT,False,0.03000000,online
164,C98-USDT,C98/USDT,False,0.03000000,online
165,IOTX-EUR,IOTX/EUR,False,0.03000000,online
166,DESO-USDT,DESO/USDT,False,0.03000000,online
167,FOX-USD,FOX/USD,False,0.03000000,online
168,MASK-USDT,MASK/USDT,False,0.05000000,online
169,DREP-USD,DREP/USD,False,0.05000000,online
170,BTRST-USD,BTRST/USD,False,0.03000000,online
171,OSMO-USD,OSMO/USD,False,0.03000000,online
172,ETH-BTC,ETH/BTC,False,0.03000000,online
173,DAR-USD,DAR/USD,False,0.03000000,online
174,DIA-USD,DIA/USD,False,0.03000000,online
175,MCO2-USD,MCO2/USD,False,0.05000000,online
176,BNT-BTC,BNT/BTC,False,0.03000000,online
177,HFT-USD,HFT/USD,False,0.03000000,online
178,BTC-USD,BTC/USD,False,0.02000000,online
179,CGLD-USD,CGLD/USD,False,0.03000000,online
180,MANA-USDC,MANA/USDC,False,0.03000000,delisted
181,ETC-GBP,ETC/GBP,False,0.03000000,online
182,POLS-USDT,POLS/USDT,False,0.03000000,online
183,NEAR-USD,NEAR/USD,False,0.03000000,online
184,BCH-USD,BCH/USD,False,0.03000000,online
185,BLZ-USD,BLZ/USD,False,0.03000000,online
186,ETH-USDC,ETH/USDC,False,0.03000000,delisted
187,GST-USD,GST/USD,False,0.03000000,online
188,BAT-USD,BAT/USD,False,0.03000000,online
189,ALCX-EUR,ALCX/EUR,False,0.03000000,online
190,CRO-USD,CRO/USD,False,0.03000000,online
191,EOS-EUR,EOS/EUR,False,0.03000000,online
192,BAL-USD,BAL/USD,False,0.03000000,online
193,FIL-GBP,FIL/GBP,False,0.03000000,online
194,REP-USD,REP/USD,False,0.03000000,delisted
195,ACH-USD,ACH/USD,False,0.03000000,online
196,ADA-EUR,ADA/EUR,False,0.03000000,online
197,ALGO-USD,ALGO/USD,False,0.03000000,online
198,ALEPH-USD,ALEPH/USD,False,0.03000000,online
199,FLOW-USDT,FLOW/USDT,False,0.03000000,online
200,FLR-USD,FLR/USD,False,0.03000000,online
201,UST-EUR,UST/EUR,True,0.01000000,delisted
202,GAL-USDT,GAL/USDT,False,0.03000000,online
203,TVK-USD,TVK/USD,False,0.03000000,online
204,OMG-BTC,OMG/BTC,False,0.03000000,delisted
205,FET-USD,FET/USD,False,0.03000000,online
206,ZRX-EUR,ZRX/EUR,False,0.03000000,online
207,AVAX-BTC,AVAX/BTC,False,0.03000000,online
208,ALGO-BTC,ALGO/BTC,False,0.03000000,online
209,GNT-USDC,GNT/USDC,False,0.03000000,delisted
210,EOS-BTC,EOS/BTC,False,0.03000000,online
211,METIS-USD,METIS/USD,False,0.03000000,online
212,UPI-USD,UPI/USD,False,0.03000000,delisted
213,CLV-USD,CLV/USD,False,0.03000000,online
214,WCFG-BTC,WCFG/BTC,False,0.03000000,online
215,FORTH-EUR,FORTH/EUR,False,0.03000000,online
216,PERP-USDT,PERP/USDT,False,0.03000000,online
217,WLUNA-USDT,WLUNA/USDT,False,0.10000000,delisted
218,USDT-GBP,USDT/GBP,True,0.01000000,online
219,SKL-USD,SKL/USD,False,0.03000000,online
220,WAMPL-USDT,WAMPL/USDT,False,0.03000000,online
221,COVAL-USDT,COVAL/USDT,False,0.03000000,online
222,LTC-GBP,LTC/GBP,False,0.03000000,online
223,GODS-USD,GODS/USD,False,0.03000000,online
224,MIR-EUR,MIR/EUR,False,0.03000000,delisted
225,INDEX-USDT,INDEX/USDT,False,0.03000000,online
226,SKL-GBP,SKL/GBP,False,0.03000000,online
227,XLM-BTC,XLM/BTC,False,0.03000000,online
228,EUROC-USD,EUROC/USD,True,0.01000000,online
229,ADA-USD,ADA/USD,False,0.03000000,online
230,XCN-USD,XCN/USD,False,0.03000000,online
231,STG-USDT,STG/USDT,False,0.03000000,delisted
232,FIS-USD,FIS/USD,False,0.03000000,online
233,LQTY-USDT,LQTY/USDT,False,0.03000000,online
234,BTRST-GBP,BTRST/GBP,False,0.03000000,delisted
235,DREP-USDT,DREP/USDT,False,0.05000000,delisted
236,AXS-USDT,AXS/USDT,False,0.03000000,online
237,ASM-USDT,ASM/USDT,False,0.03000000,delisted
238,MATIC-USD,MATIC/USD,False,0.03000000,online
239,HBAR-USD,HBAR/USD,False,0.03000000,online
240,MIR-GBP,MIR/GBP,False,0.03000000,delisted
241,MDT-USDT,MDT/USDT,False,0.03000000,online
242,APE-EUR,APE/EUR,False,0.03000000,online
243,IDEX-USDT,IDEX/USDT,False,0.03000000,online
244,SHIB-USDT,SHIB/USDT,False,0.03000000,online
245,UNI-USD,UNI/USD,False,0.03000000,online
246,SPELL-USD,SPELL/USD,False,0.03000000,online
247,ABT-USD,ABT/USD,False,0.03000000,online
248,DOT-USD,DOT/USD,False,0.03000000,online
249,CVX-USD,CVX/USD,False,0.03000000,online
250,STG-USD,STG/USD,False,0.03000000,delisted
251,DAI-USD,DAI/USD,True,0.01000000,online
252,YFI-BTC,YFI/BTC,False,0.03000000,online
253,AGLD-USD,AGLD/USD,False,0.03000000,online
254,QI-USD,QI/USD,False,0.03000000,online
255,NMR-USD,NMR/USD,False,0.03000000,online
256,MATIC-EUR,MATIC/EUR,False,0.03000000,online
257,DIA-USDT,DIA/USDT,False,0.03000000,online
258,MINA-EUR,MINA/EUR,False,0.03000000,online
259,DYP-USD,DYP/USD,False,0.03000000,online
260,XCN-USDT,XCN/USDT,False,0.03000000,online
261,ADA-USDT,ADA/USDT,False,0.03000000,online
262,API3-USDT,API3/USDT,False,0.03000000,online
263,CHZ-EUR,CHZ/EUR,False,0.03000000,online
264,IMX-USD,IMX/USD,False,0.03000000,online
265,WBTC-BTC,WBTC/BTC,True,0.01000000,online
266,QUICK-USD,QUICK/USD,False,0.03000000,online
267,HBAR-USDT,HBAR/USDT,False,0.03000000,online
268,ELA-USD,ELA/USD,False,0.03000000,online
269,HFT-USDT,HFT/USDT,False,0.03000000,online
270,FOX-USDT,FOX/USDT,False,0.03000000,online
271,AVAX-USDT,AVAX/USDT,False,0.03000000,online
272,PERP-USD,PERP/USD,False,0.03000000,online
273,TRAC-USDT,TRAC/USDT,False,0.03000000,online
274,ARB-USD,ARB/USD,False,0.03000000,online
275,SUSHI-GBP,SUSHI/GBP,False,0.03000000,online
276,AERGO-USD,AERGO/USD,False,0.03000000,online
277,MNDE-USD,MNDE/USD,False,0.03000000,online
278,RAI-USD,RAI/USD,False,0.03000000,online
279,CGLD-GBP,CGLD/GBP,False,0.03000000,online
280,UNFI-USD,UNFI/USD,False,0.03000000,online
281,QNT-USD,QNT/USD,False,0.03000000,online
282,ROSE-USD,ROSE/USD,False,0.03000000,online
283,UST-USD,UST/USD,True,0.01000000,delisted
284,SAND-USDT,SAND/USDT,False,0.03000000,online
285,APE-USDT,APE/USDT,False,0.03000000,online
286,GALA-EUR,GALA-EUR,False,0.03000000,delisted
287,PRIME-USD,PRIME/USD,False,0.03000000,online
288,XRP-EUR,XRP/EUR,False,0.05000000,online
289,STX-USD,STX/USD,False,0.03000000,online
290,INJ-USD,INJ/USD,False,0.03000000,online
291,CVC-USDC,CVC/USDC,False,0.03000000,delisted
292,AUCTION-USDT,AUCTION/USDT,False,0.03000000,online
293,BAT-ETH,BAT/ETH,False,0.03000000,online
294,XYO-USDT,XYO/USDT,False,0.03000000,online
295,TRU-USD,TRU/USD,False,0.03000000,online
296,SOL-BTC,SOL/BTC,False,0.03000000,online
297,WCFG-USD,WCFG/USD,False,0.03000000,online
298,GUSD-USD,GUSD/USD,True,0.01000000,online
299,ATOM-USDT,ATOM/USDT,False,0.03000000,online
300,SUSHI-BTC,SUSHI/BTC,False,0.03000000,online
301,BADGER-USDT,BADGER/USDT,False,0.03000000,online
302,NCT-USDT,NCT/USDT,False,0.03000000,online
303,WAMPL-USD,WAMPL/USD,False,0.03000000,online
304,SAND-USD,SAND/USD,False,0.03000000,online
305,STX-USDT,STX/USDT,False,0.03000000,online
306,UNI-EUR,UNI/EUR,False,0.03000000,online
307,SNX-GBP,SNX/GBP,False,0.03000000,online
308,SOL-GBP,SOL/GBP,False,0.03000000,online
309,DIA-EUR,DIA/EUR,False,0.03000000,online
310,MASK-EUR,MASK/EUR,False,0.05000000,online
311,PUNDIX-USD,PUNDIX/USD,False,0.03000000,online
312,DOT-USDT,DOT/USDT,False,0.03000000,online
313,USDT-USD,USDT/USD,True,0.01000000,online
314,SOL-EUR,SOL/EUR,False,0.03000000,online
315,UST-USDT,UST/USDT,True,0.01000000,delisted
316,LINK-BTC,LINK/BTC,False,0.03000000,online
317,AST-USD,AST/USD,False,0.03000000,online
318,APE-USD,APE/USD,False,0.03000000,online
319,BTRST-BTC,BTRST/BTC,False,0.03000000,online
320,CHZ-GBP,CHZ/GBP,False,0.03000000,online
321,ILV-USD,ILV/USD,False,0.03000000,online
322,DOGE-EUR,DOGE/EUR,False,0.03000000,online
323,FORTH-GBP,FORTH/GBP,False,0.03000000,delisted
324,ORN-USDT,ORN/USDT,False,0.03000000,online
325,BAT-USDC,BAT/USDC,False,0.03000000,delisted
326,DOGE-USD,DOGE/USD,False,0.03000000,online
327,ENJ-USD,ENJ/USD,False,0.03000000,online
328,ATOM-USD,ATOM/USD,False,0.03000000,online
329,XLM-USD,XLM/USD,False,0.03000000,online
330,METIS-USDT,METIS/USDT,False,0.03000000,online
331,ADA-ETH,ADA/ETH,False,0.03000000,online
332,ZEN-USD,ZEN/USD,False,0.03000000,online
333,FORTH-BTC,FORTH/BTC,False,0.03000000,online
334,MKR-BTC,MKR/BTC,False,0.03000000,online
335,SUSHI-EUR,SUSHI/EUR,False,0.03000000,online
336,CHZ-USDT,CHZ/USDT,False,0.03000000,online
337,ALGO-EUR,ALGO/EUR,False,0.03000000,online
338,SKL-EUR,SKL/EUR,False,0.03000000,online
339,REP-BTC,REP/BTC,False,0.03000000,delisted
340,BAT-EUR,BAT/EUR,False,0.03000000,online
341,SYLO-USD,SYLO/USD,False,0.03000000,online
342,ACH-USDT,ACH/USDT,False,0.03000000,online
343,BOND-USDT,BOND/USDT,False,0.03000000,online
344,USDC-GBP,USDC/GBP,True,0.01000000,online
345,OGN-USD,OGN/USD,False,0.03000000,online
346,CVC-USD,CVC/USD,False,0.03000000,online
347,NU-EUR,NU/EUR,False,0.03000000,delisted
348,BTRST-USDT,BTRST/USDT,False,0.03000000,online
349,ORCA-USD,ORCA/USD,False,0.03000000,online
350,XTZ-EUR,XTZ/EUR,False,0.03000000,online
351,BAT-BTC,BAT/BTC,False,0.03000000,online
352,POWR-USD,POWR/USD,False,0.03000000,online
353,SHPING-USDT,SHPING/USDT,False,0.03000000,online
354,LINK-USD,LINK/USD,False,0.03000000,online
355,WLUNA-EUR,WLUNA/EUR,False,0.10000000,delisted
356,ATOM-BTC,ATOM/BTC,False,0.03000000,online
357,BNT-EUR,BNT/EUR,False,0.03000000,online
358,SUPER-USD,SUPER/USD,False,0.03000000,online
359,TRB-BTC,TRB/BTC,False,0.03000000,delisted
360,AGLD-USDT,AGLD/USDT,False,0.03000000,online
361,SOL-USD,SOL/USD,False,0.03000000,online
362,ENJ-USDT,ENJ/USDT,False,0.03000000,online
363,LSETH-ETH,LSETH/ETH,True,0.01000000,online
364,NU-BTC,NU/BTC,False,0.03000000,delisted
365,BAND-BTC,BAND/BTC,False,0.03000000,online
366,ICP-USD,ICP/USD,False,0.03000000,online
367,OMG-USD,OMG/USD,False,0.03000000,delisted
368,RAD-USD,RAD/USD,False,0.03000000,online
369,SUPER-USDT,SUPER/USDT,False,0.03000000,online
370,AVAX-USD,AVAX/USD,False,0.03000000,online
371,ETC-EUR,ETC/EUR,False,0.03000000,online
372,LCX-USDT,LCX/USDT,False,0.03000000,online
373,SPELL-USDT,SPELL/USDT,False,0.03000000,online
374,POLY-USDT,POLY/USDT,False,0.03000000,online
375,SHIB-EUR,SHIB/EUR,False,0.03000000,online
376,ENS-EUR,ENS/EUR,False,0.03000000,online
377,COMP-BTC,COMP/BTC,False,0.03000000,online
378,ELA-USDT,ELA/USDT,False,0.03000000,online
379,MASK-GBP,MASK/GBP,False,0.05000000,online
380,AMP-USD,AMP/USD,False,0.03000000,online
381,XLM-EUR,XLM/EUR,False,0.03000000,online
382,AVT-USD,AVT/USD,False,0.05000000,online
383,TONE-USD,TONE/USD,False,0.05000000,online
384,REQ-EUR,REQ/EUR,False,0.03000000,online
385,WCFG-EUR,WCFG/EUR,False,0.03000000,online
386,MIR-BTC,MIR/BTC,False,0.03000000,delisted
387,MATH-USDT,MATH/USDT,False,0.03000000,online
388,ETH-DAI,ETH/DAI,False,0.03000000,online
389,INDEX-USD,INDEX/USD,False,0.03000000,online
390,MATIC-USDT,MATIC/USDT,False,0.03000000,online
391,NU-GBP,NU/GBP,False,0.03000000,delisted
392,ATOM-GBP,ATOM/GBP,False,0.03000000,online
393,MKR-USD,MKR/USD,False,0.03000000,online
394,SHIB-GBP,SHIB/GBP,False,0.03000000,online
395,MATIC-GBP,MATIC/GBP,False,0.03000000,online
396,MUSE-USD,MUSE/USD,False,0.05000000,online
397,MANA-ETH,MANA/ETH,False,0.03000000,online
398,CTSI-BTC,CTSI/BTC,False,0.03000000,online
399,CRV-BTC,CRV/BTC,False,0.03000000,online
400,VGX-USDT,VGX/USDT,False,0.03000000,online
401,CRO-EUR,CRO/EUR,False,0.03000000,online
402,AXS-BTC,AXS/BTC,False,0.03000000,online
403,XRP-GBP,XRP/GBP,False,0.05000000,delisted
404,XTZ-BTC,XTZ/BTC,False,0.03000000,online
405,USDC-EUR,USDC/EUR,True,0.01000000,online
406,POWR-EUR,POWR/EUR,False,0.03000000,online
407,ORN-USD,ORN/USD,False,0.03000000,online
408,API3-USD,API3/USD,False,0.03000000,online
409,CRO-USDT,CRO/USDT,False,0.03000000,online
410,ZEC-BTC,ZEC/BTC,False,0.03000000,online
411,QSP-USDT,QSP/USDT,False,0.05000000,online
412,OP-USDT,OP/USDT,False,0.03000000,online
413,RAD-BTC,RAD/BTC,False,0.03000000,online
414,FORT-USD,FORT/USD,False,0.03000000,online
415,AAVE-BTC,AAVE/BTC,False,0.03000000,online
416,STORJ-BTC,STORJ/BTC,False,0.03000000,online
417,GMT-USDT,GMT/USDT,False,0.03000000,online
418,COVAL-USD,COVAL/USD,False,0.03000000,online
419,MINA-USD,MINA/USD,False,0.03000000,online
420,RLY-USD,RLY/USD,False,0.05000000,delisted
421,SWFTC-USD,SWFTC/USD,False,0.03000000,online
422,PYR-USD,PYR/USD,False,0.03000000,online
423,REN-USD,REN/USD,False,0.03000000,online
424,POLS-USD,POLS/USD,False,0.03000000,online
425,UNI-GBP,UNI/GBP,False,0.03000000,online
426,SNX-USD,SNX/USD,False,0.03000000,online
427,CLV-EUR,CLV/EUR,False,0.03000000,online
428,SNX-EUR,SNX/EUR,False,0.03000000,online
429,OOKI-USD,OOKI/USD,False,0.05000000,online
430,LDO-USD,LDO/USD,False,0.03000000,online
431,MXC-USD,MXC/USD,False,0.03000000,online
432,CTSI-USD,CTSI/USD,False,0.03000000,online
433,DASH-USD,DASH/USD,False,0.03000000,online
434,ERN-USD,ERN/USD,False,0.03000000,online
435,XYO-EUR,XYO/EUR,False,0.03000000,online
436,ORN-BTC,ORN/BTC,False,0.03000000,online
437,FORT-USDT,FORT/USDT,False,0.03000000,delisted
438,GAL-USD,GAL/USD,False,0.03000000,online
439,ETH-GBP,ETH/GBP,False,0.03000000,online
440,LINK-EUR,LINK/EUR,False,0.03000000,online
441,GALA-USD,GALA/USD,False,0.03000000,delisted
442,BNT-USD,BNT/USD,False,0.03000000,online
443,INV-USD,INV/USD,False,0.05000000,online
444,GTC-USD,GTC/USD,False,0.05000000,online
445,BADGER-EUR,BADGER/EUR,False,0.03000000,online
446,ICP-EUR,ICP/EUR,False,0.03000000,online
447,APT-USDT,APT/USDT,False,0.03000000,online
448,FARM-USD,FARM/USD,False,0.03000000,online
449,SUSHI-ETH,SUSHI/ETH,False,0.03000000,online
450,MUSD-USD,MUSD/USD,True,0.01000000,delisted
451,ATA-USDT,ATA/USDT,False,0.03000000,delisted
452,TRIBE-USD,TRIBE/USD,False,0.03000000,delisted
453,BTRST-EUR,BTRST/EUR,False,0.03000000,online
454,RPL-USD,RPL/USD,False,0.05000000,online
455,BICO-EUR,BICO/EUR,False,0.03000000,online
456,NKN-USD,NKN/USD,False,0.03000000,online
457,MASK-USD,MASK/USD,False,0.05000000,online
458,SKL-BTC,SKL/BTC,False,0.03000000,online
459,BIT-USD,BIT/USD,False,0.03000000,online
460,FIS-USDT,FIS/USDT,False,0.03000000,online
461,GALA-USDT,GALA/USDT,False,0.03000000,delisted
462,OXT-USD,OXT/USD,False,0.03000000,online
463,HOPR-USD,HOPR/USD,False,0.03000000,online
464,PAX-USDT,PAX/USDT,True,0.01000000,delisted
465,NKN-GBP,NKN/GBP,False,0.03000000,online
466,MAGIC-USD,MAGIC/USD,False,0.03000000,online
467,DASH-BTC,DASH/BTC,False,0.03000000,online
468,AIOZ-USDT,AIOZ/USDT,False,0.03000000,delisted
469,DNT-USD,DNT/USD,False,0.05000000,online
470,WLUNA-GBP,WLUNA/GBP,False,0.10000000,delisted
471,ARPA-USD,ARPA/USD,False,0.03000000,online
472,TIME-USD,TIME/USD,False,0.05000000,online
473,UNI-BTC,UNI/BTC,False,0.03000000,online
474,SOL-USDT,SOL/USDT,False,0.03000000,online
475,EGLD-USD,EGLD/USD,False,0.03000000,online
476,LQTY-EUR,LQTY/EUR,False,0.03000000,online
477,VGX-USD,VGX/USD,False,0.03000000,online
478,NEAR-USDT,NEAR/USDT,False,0.03000000,online
479,STORJ-USD,STORJ/USD,False,0.03000000,online
480,DNT-USDC,DNT/USDC,False,0.03000000,delisted
481,DOGE-GBP,DOGE/GBP,False,0.03000000,online
482,FIL-EUR,FIL/EUR,False,0.03000000,online
483,ANKR-BTC,ANKR/BTC,False,0.03000000,online
484,BAND-GBP,BAND/GBP,False,0.03000000,online
485,AUCTION-USD,AUCTION/USD,False,0.03000000,online
486,BTC-EUR,BTC/EUR,False,0.03000000,online
487,FIL-USD,FIL/USD,False,0.03000000,online
488,IMX-USDT,IMX/USDT,False,0.03000000,online
489,ANKR-USD,ANKR/USD,False,0.03000000,online
490,OMG-GBP,OMG/GBP,False,0.03000000,delisted
491,KSM-USD,KSM/USD,False,0.03000000,online
492,DOT-BTC,DOT/BTC,False,0.03000000,online
493,MDT-USD,MDT/USD,False,0.03000000,online
494,USDT-EUR,USDT/EUR,True,0.01000000,online
495,FIL-BTC,FIL/BTC,False,0.03000000,online
496,XRP-USD,XRP/USD,False,0.05000000,online
497,LQTY-USD,LQTY/USD,False,0.03000000,online
498,MANA-USD,MANA/USD,False,0.03000000,online
499,MPL-USD,MPL/USD,False,0.03000000,online
500,UMA-EUR,UMA/EUR,False,0.03000000,online
501,DESO-EUR,DESO/EUR,False,0.03000000,delisted
502,MULTI-USD,MULTI/USD,False,0.03000000,online
503,RAD-GBP,RAD/GBP,False,0.03000000,online
504,ANKR-EUR,ANKR/EUR,False,0.03000000,online
505,FIDA-USDT,FIDA/USDT,False,0.03000000,online
506,XRP-USDT,XRP/USDT,False,0.05000000,online
507,OGN-BTC,OGN/BTC,False,0.03000000,online
508,ROSE-USDT,ROSE/USDT,False,0.03000000,online
509,XLM-USDT,XLM/USDT,False,0.03000000,online
510,TRU-USDT,TRU/USDT,False,0.03000000,online
511,BICO-USDT,BICO/USDT,False,0.03000000,online
512,DESO-USD,DESO/USD,False,0.03000000,online
513,LINK-ETH,LINK/ETH,False,0.03000000,online
514,ICP-USDT,ICP/USDT,False,0.03000000,online
515,KRL-USDT,KRL/USDT,False,0.05000000,online
516,RAD-EUR,RAD/EUR,False,0.03000000,online
517,CGLD-BTC,CGLD/BTC,False,0.03000000,online
518,NKN-BTC,NKN/BTC,False,0.03000000,online
519,LINK-USDT,LINK/USDT,False,0.03000000,online
520,PRQ-USDT,PRQ/USDT,False,0.03000000,online
521,RNDR-USDT,RNDR/USDT,False,0.03000000,online
522,ETH-USDT,ETH/USDT,False,0.03000000,online
523,POWR-USDT,POWR/USDT,False,0.03000000,online
524,RNDR-EUR,RNDR/EUR,False,0.03000000,online
525,AXL-USD,AXL/USD,False,0.03000000,online
526,KRL-USD,KRL/USD,False,0.05000000,online
527,LRC-BTC,LRC/BTC,False,0.03000000,online
528,VOXEL-USD,VOXEL/USD,False,0.03000000,online
529,MATH-USD,MATH/USD,False,0.03000000,online
530,KEEP-USD,KEEP/USD,False,0.03000000,delisted
531,REQ-BTC,REQ/BTC,False,0.03000000,online
532,ATA-USD,ATA/USD,False,0.03000000,online
533,AVAX-EUR,AVAX/EUR,False,0.03000000,online
534,COTI-USD,COTI/USD,False,0.03000000,online
535,T-USD,T/USD,False,0.03000000,online
536,AUDIO-USD,AUDIO/USD,False,0.03000000,online
537,LOOM-USDC,LOOM/USDC,False,0.03000000,delisted
538,TIME-USDT,TIME/USDT,False,0.05000000,online
539,GLM-USD,GLM/USD,False,0.03000000,online
540,LINK-GBP,LINK/GBP,False,0.03000000,online
541,ANKR-GBP,ANKR/GBP,False,0.03000000,online
542,LRC-USD,LRC/USD,False,0.03000000,online
543,RGT-USD,RGT/USD,False,0.03000000,delisted
544,KSM-USDT,KSM/USDT,False,0.03000000,online
545,ETH-EUR,ETH/EUR,False,0.03000000,online
546,ADA-BTC,ADA/BTC,False,0.03000000,online
547,DIMO-USD,DIMO/USD,False,0.03000000,online
548,LRC-USDT,LRC/USDT,False,0.03000000,online
549,BOND-USD,BOND/USD,False,0.03000000,online
550,CRPT-USD,CRPT/USD,False,0.03000000,online
551,SUKU-EUR,SUKU/EUR,False,0.03000000,online
552,LCX-USD,LCX/USD,False,0.03000000,online
553,BAND-USD,BAND/USD,False,0.03000000,online
554,TRU-BTC,TRU/BTC,False,0.03000000,online
555,FIDA-EUR,FIDA/EUR,False,0.03000000,online
556,RLY-GBP,RLY/GBP,False,0.05000000,delisted
557,PRQ-USD,PRQ/USD,False,0.03000000,online
558,DYP-USDT,DYP/USDT,False,0.03000000,online
559,FORTH-USD,FORTH/USD,False,0.03000000,online
560,CLV-USDT,CLV/USDT,False,0.03000000,online
561,UMA-BTC,UMA/BTC,False,0.03000000,online
562,1INCH-GBP,1INCH/GBP,False,0.03000000,online
563,CLV-GBP,CLV/GBP,False,0.03000000,delisted
564,BTC-GBP,BTC/GBP,False,0.03000000,online
565,ALCX-USD,ALCX/USD,False,0.03000000,online
566,MCO2-USDT,MCO2/USDT,False,0.05000000,delisted
567,XYO-BTC,XYO/BTC,False,0.03000000,delisted
568,ATOM-EUR,ATOM/EUR,False,0.03000000,online
569,PLA-USD,PLA/USD,False,0.03000000,online
570,REQ-USDT,REQ/USDT,False,0.03000000,online
571,POND-USD,POND/USD,False,0.03000000,online
572,BCH-BTC,BCH/BTC,False,0.03000000,online
573,UMA-GBP,UMA/GBP,False,0.03000000,online
574,DAI-USDC,DAI/USDC,True,0.01000000,delisted
575,RARI-USD,RARI/USD,False,0.03000000,online
576,ICP-BTC,ICP/BTC,False,0.03000000,online
577,REN-BTC,REN/BTC,False,0.03000000,online
578,ADA-USDC,ADA/USDC,False,0.03000000,delisted
579,WLUNA-USD,WLUNA/USD,False,0.10000000,delisted
580,CTX-EUR,CTX/EUR,False,0.05000000,online
581,00-USD,00/USD,False,0.03000000,online
582,DOGE-BTC,DOGE/BTC,False,0.03000000,online
583,DDX-USDT,DDX/USDT,False,0.03000000,online
584,LPT-USD,LPT/USD,False,0.03000000,online
585,FARM-USDT,FARM/USDT,False,0.03000000,online
586,SNT-USD,SNT/USD,False,0.03000000,online
587,DOGE-USDT,DOGE/USDT,False,0.03000000,online
588,RLC-BTC,RLC/BTC,False,0.03000000,online
589,POND-USDT,POND/USDT,False,0.03000000,online
590,CRV-EUR,CRV/EUR,False,0.03000000,online
591,PNG-USD,PNG/USD,False,0.05000000,online
592,COMP-USD,COMP/USD,False,0.03000000,online
593,APT-USD,APT/USD,False,0.03000000,online
594,AXS-USD,AXS/USD,False,0.03000000,online
595,GRT-BTC,GRT/BTC,False,0.03000000,online
596,GNO-USDT,GNO/USDT,False,0.03000000,delisted
